place_id,name,url,average_rating_5,visitor_review_count,blog_review_count
19637817,모드락572,https://place.map.kakao.com/19637817,4.6,14,4
23571929,바다는안보여요,https://place.map.kakao.com/23571929,,0,25
18815393,와랑와랑,https://place.map.kakao.com/18815393,4.4,107,100
26984197,지오아라펜션,https://place.map.kakao.com/26984197,5.0,6,197
17880473,카페코지,https://place.map.kakao.com/17880473,3.9,34,39
609663252,송당나무가드닝센터,https://place.map.kakao.com/609663252,4.1,42,12
775734317,허니문하우스,https://place.map.kakao.com/775734317,4.3,319,501
19639423,카페서연의집,https://place.map.kakao.com/19639423,3.7,134,113
1603328404,드르쿰다 제주성산점,https://place.map.kakao.com/1603328404,3.5,125,221
410283209,스마일러펫,https://place.map.kakao.com/410283209,3.8,4,9
2009325066,아트인명도암,https://place.map.kakao.com/2009325066,4.0,30,17
11539852,하우스레서피 당근케이크,https://place.map.kakao.com/11539852,3.4,57,4
26884074,구좌상회,https://place.map.kakao.com/26884074,3.7,103,228
693016371,윈드스톤,https://place.map.kakao.com/693016371,4.5,58,134
1176884672,목장카페 드르쿰다 표선,https://place.map.kakao.com/1176884672,3.1,122,399
1407871842,인디고트리,https://place.map.kakao.com/1407871842,4.6,31,9
787387135,제주살롱,https://place.map.kakao.com/787387135,4.3,15,13
923804248,카페 모알보알,https://place.map.kakao.com/923804248,,0,604
99092488,커피템플,https://place.map.kakao.com/99092488,4.2,288,796
1441787320,카페아오오,https://place.map.kakao.com/1441787320,4.4,117,830
26867476,델문도,https://place.map.kakao.com/26867476,3.2,646,843
1843119686,에오마르,https://place.map.kakao.com/1843119686,,0,222
979505096,휴일로,https://place.map.kakao.com/979505096,4.1,195,350
1886872931,카페리,https://place.map.kakao.com/1886872931,,0,103
1402392615,아날로그사운즈,https://place.map.kakao.com/1402392615,4.1,8,61
688685012,제주돌창고,https://place.map.kakao.com/688685012,4.6,54,81
1148912647,사일리커피,https://place.map.kakao.com/1148912647,4.7,153,578
718346639,어니스트밀크 본점,https://place.map.kakao.com/718346639,4.6,156,261
24598037,오늘은녹차한잔,https://place.map.kakao.com/24598037,4.1,149,348
1737366648,집의기록상점,https://place.map.kakao.com/1737366648,3.2,98,654
1437167844,귤꽃다락,https://place.map.kakao.com/1437167844,,0,547
217787831,원앤온리,https://place.map.kakao.com/217787831,,0,1434
1663041096,청춘부부,https://place.map.kakao.com/1663041096,4.7,78,257
1578746387,오드랑베이커리,https://place.map.kakao.com/1578746387,4.3,688,1059
676261169,훈데르트윈즈,https://place.map.kakao.com/676261169,3.8,45,376
603794320,카페톨칸이,https://place.map.kakao.com/603794320,4.2,11,18
1039947224,오라디오라,https://place.map.kakao.com/1039947224,4.1,61,104
119385518,비케이브,https://place.map.kakao.com/119385518,4.3,50,640
633765117,무로이,https://place.map.kakao.com/633765117,3.3,96,1333
825851613,우유부단,https://place.map.kakao.com/825851613,3.6,187,111
1756924125,그럼외도,https://place.map.kakao.com/1756924125,,0,365
28741599,미쁜제과,https://place.map.kakao.com/28741599,3.1,214,729
336756812,수애기베이커리카페,https://place.map.kakao.com/336756812,4.1,108,194
21160031,유동커피,https://place.map.kakao.com/21160031,4.3,499,443
1666998566,카페루시아 본점,https://place.map.kakao.com/1666998566,4.3,185,748
263044374,미스틱3도,https://place.map.kakao.com/263044374,4.2,95,229
25746672,바람벽에흰당나귀,https://place.map.kakao.com/25746672,4.2,113,210
1003524606,외도339,https://place.map.kakao.com/1003524606,5.0,1,46
373077516,카페나모나모,https://place.map.kakao.com/373077516,,0,320
25161778,미엘드세화,https://place.map.kakao.com/25161778,4.4,95,44
587340308,비마이게스트,https://place.map.kakao.com/587340308,4.3,103,74
21607825,나비정원,https://place.map.kakao.com/21607825,4.7,50,27
460384368,보래드베이커스,https://place.map.kakao.com/460384368,4.2,244,141
1146640630,니모메,https://place.map.kakao.com/1146640630,4.1,105,284
1929732708,카페477+,https://place.map.kakao.com/1929732708,4.5,21,33
1983315941,바다다,https://place.map.kakao.com/1983315941,,0,367
1028238972,와토커피,https://place.map.kakao.com/1028238972,4.4,145,89
160318816,덴드리,https://place.map.kakao.com/160318816,4.7,37,167
337455511,모노클제주,https://place.map.kakao.com/337455511,4.0,70,335
45616760,쉬어갓,https://place.map.kakao.com/45616760,4.0,77,103
2070757323,"오른(orrrn,오알엔)",https://place.map.kakao.com/2070757323,4.0,95,282
1166960013,풀베개,https://place.map.kakao.com/1166960013,2.2,203,534
1738934843,제주그림카페,https://place.map.kakao.com/1738934843,4.2,41,46
184384827,지그라나다,https://place.map.kakao.com/184384827,3.9,21,33
26925526,블루마운틴4255,https://place.map.kakao.com/26925526,4.1,19,35
145034193,제주몹시,https://place.map.kakao.com/145034193,4.6,42,72
791617298,더리트리브,https://place.map.kakao.com/791617298,3.9,69,181
2018722964,가는곶 세화,https://place.map.kakao.com/2018722964,4.6,162,306
403954331,볼스카페,https://place.map.kakao.com/403954331,3.5,62,172
2003360746,아줄레주 (휴업중),https://place.map.kakao.com/2003360746,,0,619
573629514,친봉산장,https://place.map.kakao.com/573629514,,0,486
1830094932,카페유디에이,https://place.map.kakao.com/1830094932,3.6,85,301
213125558,카페글렌코,https://place.map.kakao.com/213125558,,0,287
26532312,쪼끌락,https://place.map.kakao.com/26532312,,0,63
1307726606,모뉴에트,https://place.map.kakao.com/1307726606,4.5,136,304
26463066,마틸다,https://place.map.kakao.com/26463066,3.7,125,212
1170785054,제레미,https://place.map.kakao.com/1170785054,4.6,166,220
481425144,골목카페옥수,https://place.map.kakao.com/481425144,,0,194
1569763514,그러므로 파트2,https://place.map.kakao.com/1569763514,4.0,113,152
1688963481,커피스케치,https://place.map.kakao.com/1688963481,4.6,131,1406
1824227168,마노커피하우스,https://place.map.kakao.com/1824227168,4.8,280,162
1756541636,안도르,https://place.map.kakao.com/1756541636,,0,645
792548083,잔물결,https://place.map.kakao.com/792548083,,0,257
2020231452,라토커피 제주,https://place.map.kakao.com/2020231452,,0,78
615161662,우호적무관심,https://place.map.kakao.com/615161662,3.9,51,57
769399654,인그리드,https://place.map.kakao.com/769399654,4.3,93,203
1914104398,감따남,https://place.map.kakao.com/1914104398,4.3,42,180
634174711,당당,https://place.map.kakao.com/634174711,3.8,144,264
670941856,인스밀,https://place.map.kakao.com/670941856,3.4,131,792
1330339693,애플망고1947,https://place.map.kakao.com/1330339693,4.3,56,205
27237081,카페콜라,https://place.map.kakao.com/27237081,4.4,97,150
15264554,스테이위드커피,https://place.map.kakao.com/15264554,4.5,159,203
680958794,카페더라이트,https://place.map.kakao.com/680958794,4.4,88,151
148780844,올디벗구디,https://place.map.kakao.com/148780844,4.5,50,59
1971639400,뷰스트,https://place.map.kakao.com/1971639400,3.8,118,273
670044535,벙커하우스,https://place.map.kakao.com/670044535,,0,195
27469103,마마롱,https://place.map.kakao.com/27469103,3.7,116,589
367412374,베메로,https://place.map.kakao.com/367412374,4.2,146,115
528303189,그레이그로브,https://place.map.kakao.com/528303189,4.7,62,158
1812213124,하라케케,https://place.map.kakao.com/1812213124,4.8,380,594
26320023,카페지니,https://place.map.kakao.com/26320023,4.1,40,11
442131150,트라이브,https://place.map.kakao.com/442131150,,0,111
27149644,애월더선셋,https://place.map.kakao.com/27149644,3.3,119,264
151449756,비양놀,https://place.map.kakao.com/151449756,4.4,104,208
59334207,그계절,https://place.map.kakao.com/59334207,3.8,62,96
898585862,카페한라산,https://place.map.kakao.com/898585862,4.1,241,505
599191002,인카페온더비치,https://place.map.kakao.com/599191002,4.5,73,285
18325298,모래비 커피로스터스 & 베이커리,https://place.map.kakao.com/18325298,4.3,143,29
1914659693,듀포레,https://place.map.kakao.com/1914659693,,0,373
557408083,고토커피바,https://place.map.kakao.com/557408083,4.6,94,257
892483223,고사리커피,https://place.map.kakao.com/892483223,4.1,55,449
1240871081,52번가커피하우스,https://place.map.kakao.com/1240871081,4.7,17,9
168239431,카페이면,https://place.map.kakao.com/168239431,4.8,94,173
1523413414,토토네,https://place.map.kakao.com/1523413414,4.5,71,121
1208953462,카페 동백,https://place.map.kakao.com/1208953462,4.0,36,68
1838214127,수망다원,https://place.map.kakao.com/1838214127,4.9,218,183
1617112127,김녕에사는김영훈,https://place.map.kakao.com/1617112127,4.6,115,86
1825957189,그린페블,https://place.map.kakao.com/1825957189,4.5,24,20
27491731,모카다방,https://place.map.kakao.com/27491731,4.2,52,41
1228219754,다린,https://place.map.kakao.com/1228219754,4.7,67,69
1886602040,이정의댁,https://place.map.kakao.com/1886602040,,0,219
1335585931,랜딩커피,https://place.map.kakao.com/1335585931,,0,76
231488419,서귀피안베이커리,https://place.map.kakao.com/231488419,4.5,558,1537
1229685652,서홍정원,https://place.map.kakao.com/1229685652,4.2,83,129
1955479566,엠브릿지,https://place.map.kakao.com/1955479566,2.5,2,0
1144524512,나이체,https://place.map.kakao.com/1144524512,4.9,68,40
1589936933,머문,https://place.map.kakao.com/1589936933,3.6,85,68
2117340011,초가헌,https://place.map.kakao.com/2117340011,4.5,45,64
5976293,젤코바베이커리,https://place.map.kakao.com/5976293,4.3,49,16
532636075,알로에체험 카페하귀리,https://place.map.kakao.com/532636075,4.4,7,9
475813760,헬로남생이,https://place.map.kakao.com/475813760,4.3,24,17
64602009,볕이드는곳벧디,https://place.map.kakao.com/64602009,3.6,54,252
1986467457,블리스풀,https://place.map.kakao.com/1986467457,4.6,31,40
310705633,영국찻집,https://place.map.kakao.com/310705633,3.3,37,143
2040536932,커피냅로스터스 제주,https://place.map.kakao.com/2040536932,3.6,66,467
400727195,홀츠 애월,https://place.map.kakao.com/400727195,4.7,102,269
611667902,썬셋클리프,https://place.map.kakao.com/611667902,3.3,119,133
986232032,카페유주,https://place.map.kakao.com/986232032,4.6,106,124
145331867,점점,https://place.map.kakao.com/145331867,,0,840
1987065057,리틀포레스트,https://place.map.kakao.com/1987065057,4.5,2,0
6934045,라임오렌지카페,https://place.map.kakao.com/6934045,4.7,12,0
695499850,카페 오놀,https://place.map.kakao.com/695499850,4.3,87,506
2034613115,쁠랑뜨,https://place.map.kakao.com/2034613115,,0,2
1569358885,오스모시스,https://place.map.kakao.com/1569358885,4.8,44,44
1458294164,제주북카페 올드북촌,https://place.map.kakao.com/1458294164,4.7,27,6
1518913311,올드패션,https://place.map.kakao.com/1518913311,4.2,32,64
2032530616,우디글레이드,https://place.map.kakao.com/2032530616,4.7,20,0
614956036,88로스터즈,https://place.map.kakao.com/614956036,4.6,78,19
1434952246,고요산책,https://place.map.kakao.com/1434952246,4.6,14,44
136326070,그린마일커피 애월,https://place.map.kakao.com/136326070,4.7,62,60
861749680,도을,https://place.map.kakao.com/861749680,4.7,23,8
522395014,마음에온,https://place.map.kakao.com/522395014,4.5,104,426
1571910152,스물다섯,https://place.map.kakao.com/1571910152,4.8,70,77
371491242,윤재커피,https://place.map.kakao.com/371491242,4.9,188,112
1158429121,카페온,https://place.map.kakao.com/1158429121,4.5,29,26
523240571,카페허그,https://place.map.kakao.com/523240571,4.9,15,1
1525524763,헬로효주,https://place.map.kakao.com/1525524763,4.8,31,22
25665611,살롱드라방,https://place.map.kakao.com/25665611,4.0,52,21
165691434,카페단단,https://place.map.kakao.com/165691434,4.8,93,88
877966090,구씨커피로스터스,https://place.map.kakao.com/877966090,,0,63
674259743,한형수정원,https://place.map.kakao.com/674259743,,0,7
2036344906,하소로커피,https://place.map.kakao.com/2036344906,4.6,89,157
1576503770,홉히,https://place.map.kakao.com/1576503770,3.9,91,699
631743410,컴플리트커피,https://place.map.kakao.com/631743410,4.0,44,88
357741732,망고하이,https://place.map.kakao.com/357741732,2.9,29,42
615740956,5L2F,https://place.map.kakao.com/615740956,,0,266
1207134855,롤링브루잉,https://place.map.kakao.com/1207134855,4.7,97,102
363468370,어린왕자감귤밭,https://place.map.kakao.com/363468370,4.6,849,849
1957735346,스페이스제로,https://place.map.kakao.com/1957735346,3.0,6,3
1524377191,더힐링타임,https://place.map.kakao.com/1524377191,4.6,184,47
2144187164,자드부팡,https://place.map.kakao.com/2144187164,4.3,52,336
1542584156,카페광령올레17,https://place.map.kakao.com/1542584156,5.0,4,22
224051140,서귀포 제주에인감귤밭 카페,https://place.map.kakao.com/224051140,3.2,6,360
693062983,제주봄날,https://place.map.kakao.com/693062983,,0,66
1011635289,목장카페밭디,https://place.map.kakao.com/1011635289,4.7,243,2289
2129027989,코리코카페 제주점,https://place.map.kakao.com/2129027989,3.7,49,435
1406187011,레몬뮤지엄,https://place.map.kakao.com/1406187011,4.1,47,321
969056948,대한목장,https://place.map.kakao.com/969056948,4.1,66,585
1455851481,모아시,https://place.map.kakao.com/1455851481,,0,69
1414869661,몽라브,https://place.map.kakao.com/1414869661,4.6,14,205
1280899982,미스터밀크 송당,https://place.map.kakao.com/1280899982,3.6,29,140
34111321,담소요,https://place.map.kakao.com/34111321,4.0,65,577
2144426907,카페어림비,https://place.map.kakao.com/2144426907,5.0,24,243
719538554,애월전당포,https://place.map.kakao.com/719538554,4.7,7,36
439429833,회수다옥,https://place.map.kakao.com/439429833,4.9,72,78
1965407821,이끼숲소길,https://place.map.kakao.com/1965407821,4.0,107,1375
1548286947,핀스,https://place.map.kakao.com/1548286947,3.7,52,262
1729081347,음파,https://place.map.kakao.com/1729081347,4.7,42,136
1563141564,소농로드,https://place.map.kakao.com/1563141564,4.7,56,248
